Metric,Stat,p-value,Test
Weight,2.0471649960089984,0.040641887048406086,Ranksum
SSDE (mGy),2.805557839566811,0.005022956564986816,Ranksum
Reduced SSDE (mGy),9.094105034732467,9.536865061662031e-20,Ranksum
Effective Dose (mSv) ,2.760946495828116,0.0057634117449219995,Ranksum
Reduced Effective Dose (mSv) ,8.033346416945722,9.48493673897019e-16,Ranksum
Gender ,1.0685109161671662,0.3012820369262085,Chi-Square
